Subject,Treatment,Day,Metric,Value
SROF012,TRAINING1,1,%correct,54.29362880886427
SROF012,TRAINING1,2,%correct,60.67796610169491
SROF012,TRAINING1,3,%correct,66.82808716707022
SROF012,TRAINING1,4,%correct,69.58041958041959
SROF012,TRAINING1,5,%correct,68.54219948849105
SROF012,TRAINING1,6,%correct,73.80952380952381
SROF012,TRAINING1,7,%correct,76.77419354838709
SROF017,TRAINING1,1,%correct,53.154574132492115
SROF017,TRAINING1,2,%correct,46.91151919866444
SROF017,TRAINING1,3,%correct,50.959860383944154
SROF017,TRAINING1,4,%correct,53.49264705882353
SROF017,TRAINING1,5,%correct,62.72321428571429
SROF017,TRAINING1,6,%correct,62.25296442687747
SROF017,TRAINING1,7,%correct,56.400742115027825
SROF017,TRAINING1,8,%correct,50.51546391752577
SROF017,TRAINING1,9,%correct,57.95454545454546
SROF017,TRAINING1,10,%correct,66.66666666666666
SROF017,TRAINING1,11,%correct,59.61538461538461
SROF017,TRAINING1,12,%correct,66.15853658536585
SROF017,TRAINING1,13,%correct,60.60606060606061
SROF017,TRAINING1,14,%correct,64.49438202247191
SROF017,TRAINING1,15,%correct,62.916666666666664
SROF017,TRAINING1,16,%correct,71.82203389830508
SROF017,TRAINING1,17,%correct,66.82242990654206
SROF017,TRAINING1,18,%correct,75.23510971786834
SROF017,TRAINING1,19,%correct,61.96078431372549
SROF017,TRAINING1,20,%correct,64.98855835240275
SROF017,TRAINING1,21,%correct,63.24626865671642
SROF017,TRAINING1,22,%correct,68.99038461538461
SROF017,TRAINING1,23,%correct,74.34343434343434
SROF017,TRAINING1,24,%correct,69.35483870967742
SROF017,TRAINING1,25,%correct,67.01754385964912
SROF017,TRAINING1,26,%correct,62.7906976744186
SROF017,TRAINING1,27,%correct,62.97709923664122
SROF017,TRAINING1,28,%correct,62.16216216216216
SROF017,TRAINING1,29,%correct,62.643678160919535
SROF017,TRAINING1,30,%correct,75.99164926931107
SROF017,TRAINING1,31,%correct,72.24137931034483
SROF018,TRAINING1,1,%correct,70.1923076923077
SROF018,TRAINING1,2,%correct,61.016949152542374
SROF018,TRAINING1,3,%correct,37.03703703703704
SROF018,TRAINING1,4,%correct,55.639097744360896
SROF018,TRAINING1,5,%correct,54.69613259668509
SROF018,TRAINING1,6,%correct,59.523809523809526
SROF018,TRAINING1,7,%correct,69.47368421052632
SROF018,TRAINING1,8,%correct,67.32673267326733
SROF018,TRAINING1,9,%correct,72.18045112781954
SROF018,TRAINING1,10,%correct,69.71830985915493
SROF018,TRAINING1,11,%correct,72.16494845360825
SROF018,TRAINING1,12,%correct,64.17910447761194
SROF018,TRAINING1,13,%correct,75.82417582417582
SROF018,TRAINING1,14,%correct,64.93506493506493
SROF018,TRAINING1,15,%correct,85.08771929824562
SROF018,TRAINING1,16,%correct,78.64077669902912
SROF020,TRAINING1,1,%correct,65.93406593406593
SROF020,TRAINING1,2,%correct,64.0625
SROF020,TRAINING1,3,%correct,60.73619631901841
SROF020,TRAINING1,4,%correct,61.6
SROF020,TRAINING1,5,%correct,69.44444444444444
SROF020,TRAINING1,6,%correct,66.66666666666666
SROF020,TRAINING1,7,%correct,78.91566265060241
SROF020,TRAINING1,8,%correct,67.08860759493672
SROF020,TRAINING1,9,%correct,77.41935483870968
SROF020,TRAINING1,10,%correct,46.15384615384615
SROF020,TRAINING1,11,%correct,70.0
SROF020,TRAINING1,12,%correct,60.0
SROF020,TRAINING1,13,%correct,79.38144329896907
SROF020,TRAINING1,14,%correct,73.42657342657343
SROF012,TRAINING2,1,%correct,59.917355371900825
SROF012,TRAINING2,2,%correct,64.46700507614213
SROF012,TRAINING2,3,%correct,68.03069053708441
SROF012,TRAINING2,4,%correct,69.08077994428969
SROF012,TRAINING2,5,%correct,74.63768115942028
SROF012,TRAINING2,6,%correct,78.42227378190255
SROF017,TRAINING2,1,%correct,55.970149253731336
SROF017,TRAINING2,2,%correct,57.49525616698292
SROF017,TRAINING2,3,%correct,61.96943972835314
SROF017,TRAINING2,4,%correct,76.31103074141049
SROF017,TRAINING2,5,%correct,74.9185667752443
SROF018,TRAINING2,1,%correct,50.920245398773
SROF018,TRAINING2,2,%correct,57.77777777777777
SROF018,TRAINING2,3,%correct,43.47826086956522
SROF018,TRAINING2,4,%correct,66.66666666666666
SROF018,TRAINING2,5,%correct,80.0
SROF018,TRAINING2,6,%correct,75.0
SROF018,TRAINING2,7,%correct,63.63636363636363
SROF018,TRAINING2,8,%correct,84.61538461538461
SROF018,TRAINING2,9,%correct,70.83333333333334
SROF020,TRAINING2,1,%correct,50.4
SROF020,TRAINING2,2,%correct,47.69230769230769
SROF020,TRAINING2,3,%correct,55.88235294117647
SROF020,TRAINING2,4,%correct,52.77777777777778
SROF020,TRAINING2,5,%correct,58.97435897435898
SROF020,TRAINING2,6,%correct,66.66666666666666
SROF020,TRAINING2,7,%correct,70.51282051282051
SROF020,TRAINING2,8,%correct,72.51908396946564
SROF012,TRAINING3,1,%correct,59.2797783933518
SROF012,TRAINING3,2,%correct,59.22077922077922
SROF012,TRAINING3,3,%correct,64.30205949656751
SROF012,TRAINING3,4,%correct,77.22007722007721
SROF012,TRAINING3,5,%correct,79.72027972027972
SROF017,TRAINING3,1,%correct,50.38560411311054
SROF017,TRAINING3,2,%correct,64.69194312796208
SROF017,TRAINING3,3,%correct,66.74157303370787
SROF017,TRAINING3,4,%correct,72.55244755244755
SROF017,TRAINING3,5,%correct,72.03703703703704
SROF018,TRAINING3,1,%correct,52.23880597014925
SROF018,TRAINING3,2,%correct,56.92307692307692
SROF018,TRAINING3,3,%correct,44.73684210526316
SROF018,TRAINING3,4,%correct,52.04081632653062
SROF018,TRAINING3,5,%correct,63.793103448275865
SROF018,TRAINING3,6,%correct,65.89595375722543
SROF018,TRAINING3,7,%correct,64.74820143884892
SROF018,TRAINING3,8,%correct,71.3375796178344
SROF018,TRAINING3,9,%correct,71.52777777777779
SROF020,TRAINING3,1,%correct,40.95238095238095
SROF020,TRAINING3,2,%correct,47.398843930635834
SROF020,TRAINING3,3,%correct,43.262411347517734
SROF020,TRAINING3,4,%correct,48.05194805194805
SROF020,TRAINING3,5,%correct,51.40845070422535
SROF020,TRAINING3,6,%correct,51.578947368421055
SROF020,TRAINING3,7,%correct,48.275862068965516
SROF020,TRAINING3,8,%correct,54.71698113207547
SROF020,TRAINING3,9,%correct,53.50877192982456
SROF020,TRAINING3,10,%correct,56.25
SROF020,TRAINING3,11,%correct,51.61290322580645
SROF020,TRAINING3,12,%correct,56.79012345679012
SROF020,TRAINING3,13,%correct,76.76767676767676
SROF020,TRAINING3,14,%correct,71.42857142857143
SROF012,TRAINING1,1,hit_rate,68.18181818181817
SROF012,TRAINING1,2,hit_rate,51.587301587301596
SROF012,TRAINING1,3,hit_rate,67.5531914893617
SROF012,TRAINING1,4,hit_rate,67.6923076923077
SROF012,TRAINING1,5,hit_rate,64.70588235294117
SROF012,TRAINING1,6,hit_rate,71.07843137254902
SROF012,TRAINING1,7,hit_rate,68.70748299319727
SROF017,TRAINING1,1,hit_rate,64.58923512747874
SROF017,TRAINING1,2,hit_rate,65.94202898550725
SROF017,TRAINING1,3,hit_rate,65.6140350877193
SROF017,TRAINING1,4,hit_rate,68.59205776173285
SROF017,TRAINING1,5,hit_rate,76.79324894514767
SROF017,TRAINING1,6,hit_rate,78.42323651452283
SROF017,TRAINING1,7,hit_rate,66.015625
SROF017,TRAINING1,8,hit_rate,69.28327645051195
SROF017,TRAINING1,9,hit_rate,78.57142857142857
SROF017,TRAINING1,10,hit_rate,73.04347826086956
SROF017,TRAINING1,11,hit_rate,82.75862068965517
SROF017,TRAINING1,12,hit_rate,76.58227848101265
SROF017,TRAINING1,13,hit_rate,76.49122807017544
SROF017,TRAINING1,14,hit_rate,84.23423423423422
SROF017,TRAINING1,15,hit_rate,73.38709677419355
SROF017,TRAINING1,16,hit_rate,84.47488584474885
SROF017,TRAINING1,17,hit_rate,82.23350253807106
SROF017,TRAINING1,18,hit_rate,79.33333333333333
SROF017,TRAINING1,19,hit_rate,78.33333333333333
SROF017,TRAINING1,20,hit_rate,77.87234042553192
SROF017,TRAINING1,21,hit_rate,80.13698630136986
SROF017,TRAINING1,22,hit_rate,81.14035087719299
SROF017,TRAINING1,23,hit_rate,91.63346613545816
SROF017,TRAINING1,24,hit_rate,92.5925925925926
SROF017,TRAINING1,25,hit_rate,81.48148148148148
SROF017,TRAINING1,26,hit_rate,80.28169014084507
SROF017,TRAINING1,27,hit_rate,85.29411764705883
SROF017,TRAINING1,28,hit_rate,68.18181818181817
SROF017,TRAINING1,29,hit_rate,83.15217391304348
SROF017,TRAINING1,30,hit_rate,93.60000000000001
SROF017,TRAINING1,31,hit_rate,91.48148148148148
SROF018,TRAINING1,1,hit_rate,68.0
SROF018,TRAINING1,2,hit_rate,72.72727272727273
SROF018,TRAINING1,3,hit_rate,50.0
SROF018,TRAINING1,4,hit_rate,52.94117647058824
SROF018,TRAINING1,5,hit_rate,53.75
SROF018,TRAINING1,6,hit_rate,60.97560975609756
SROF018,TRAINING1,7,hit_rate,73.91304347826086
SROF018,TRAINING1,8,hit_rate,68.62745098039215
SROF018,TRAINING1,9,hit_rate,71.62162162162163
SROF018,TRAINING1,10,hit_rate,66.15384615384615
SROF018,TRAINING1,11,hit_rate,80.76923076923077
SROF018,TRAINING1,12,hit_rate,60.273972602739725
SROF018,TRAINING1,13,hit_rate,80.0
SROF018,TRAINING1,14,hit_rate,55.00000000000001
SROF018,TRAINING1,15,hit_rate,93.75
SROF018,TRAINING1,16,hit_rate,64.81481481481481
SROF020,TRAINING1,1,hit_rate,73.33333333333333
SROF020,TRAINING1,2,hit_rate,75.80645161290323
SROF020,TRAINING1,3,hit_rate,37.3134328358209
SROF020,TRAINING1,4,hit_rate,48.4375
SROF020,TRAINING1,5,hit_rate,72.72727272727273
SROF020,TRAINING1,6,hit_rate,57.57575757575758
SROF020,TRAINING1,7,hit_rate,71.62162162162163
SROF020,TRAINING1,8,hit_rate,75.0
SROF020,TRAINING1,9,hit_rate,53.84615384615385
SROF020,TRAINING1,10,hit_rate,28.000000000000004
SROF020,TRAINING1,11,hit_rate,77.77777777777779
SROF020,TRAINING1,12,hit_rate,61.111111111111114
SROF020,TRAINING1,13,hit_rate,73.46938775510205
SROF020,TRAINING1,14,hit_rate,58.620689655172406
SROF012,TRAINING2,1,hit_rate,72.57383966244726
SROF012,TRAINING2,2,hit_rate,72.01834862385321
SROF012,TRAINING2,3,hit_rate,80.66298342541437
SROF012,TRAINING2,4,hit_rate,85.54216867469879
SROF012,TRAINING2,5,hit_rate,72.27722772277228
SROF012,TRAINING2,6,hit_rate,77.88018433179722
SROF017,TRAINING2,1,hit_rate,68.28358208955224
SROF017,TRAINING2,2,hit_rate,88.58267716535433
SROF017,TRAINING2,3,hit_rate,94.07665505226481
SROF017,TRAINING2,4,hit_rate,92.50936329588015
SROF017,TRAINING2,5,hit_rate,88.96103896103897
SROF018,TRAINING2,1,hit_rate,57.14285714285714
SROF018,TRAINING2,2,hit_rate,75.0
SROF018,TRAINING2,3,hit_rate,50.0
SROF018,TRAINING2,4,hit_rate,81.08108108108108
SROF018,TRAINING2,5,hit_rate,87.87878787878788
SROF018,TRAINING2,6,hit_rate,76.47058823529412
SROF018,TRAINING2,7,hit_rate,57.14285714285714
SROF018,TRAINING2,8,hit_rate,80.0
SROF018,TRAINING2,9,hit_rate,61.53846153846154
SROF020,TRAINING2,1,hit_rate,55.072463768115945
SROF020,TRAINING2,2,hit_rate,51.85185185185185
SROF020,TRAINING2,3,hit_rate,61.66666666666667
SROF020,TRAINING2,4,hit_rate,78.125
SROF020,TRAINING2,5,hit_rate,62.0253164556962
SROF020,TRAINING2,6,hit_rate,65.3061224489796
SROF020,TRAINING2,7,hit_rate,60.0
SROF020,TRAINING2,8,hit_rate,78.3132530120482
SROF012,TRAINING3,1,hit_rate,66.85082872928176
SROF012,TRAINING3,2,hit_rate,69.11764705882352
SROF012,TRAINING3,3,hit_rate,68.55670103092784
SROF012,TRAINING3,4,hit_rate,79.38931297709924
SROF012,TRAINING3,5,hit_rate,91.00346020761245
SROF017,TRAINING3,1,hit_rate,72.44897959183673
SROF017,TRAINING3,2,hit_rate,85.02415458937197
SROF017,TRAINING3,3,hit_rate,87.5
SROF017,TRAINING3,4,hit_rate,91.06529209621993
SROF017,TRAINING3,5,hit_rate,93.7984496124031
SROF018,TRAINING3,1,hit_rate,31.57894736842105
SROF018,TRAINING3,2,hit_rate,55.26315789473685
SROF018,TRAINING3,3,hit_rate,47.91666666666667
SROF018,TRAINING3,4,hit_rate,71.73913043478261
SROF018,TRAINING3,5,hit_rate,64.28571428571429
SROF018,TRAINING3,6,hit_rate,71.08433734939759
SROF018,TRAINING3,7,hit_rate,56.94444444444444
SROF018,TRAINING3,8,hit_rate,76.05633802816901
SROF018,TRAINING3,9,hit_rate,68.4931506849315
SROF020,TRAINING3,1,hit_rate,53.2258064516129
SROF020,TRAINING3,2,hit_rate,87.34177215189874
SROF020,TRAINING3,3,hit_rate,80.88235294117648
SROF020,TRAINING3,4,hit_rate,88.57142857142857
SROF020,TRAINING3,5,hit_rate,90.41095890410958
SROF020,TRAINING3,6,hit_rate,93.87755102040816
SROF020,TRAINING3,7,hit_rate,91.17647058823529
SROF020,TRAINING3,8,hit_rate,82.14285714285714
SROF020,TRAINING3,9,hit_rate,86.20689655172413
SROF020,TRAINING3,10,hit_rate,91.8918918918919
SROF020,TRAINING3,11,hit_rate,53.62318840579711
SROF020,TRAINING3,12,hit_rate,70.37037037037037
SROF020,TRAINING3,13,hit_rate,98.07692307692307
SROF020,TRAINING3,14,hit_rate,87.34177215189874
SROF012,TRAINING1,1,rejection_rate,37.423312883435585
SROF012,TRAINING1,2,rejection_rate,67.45562130177515
SROF012,TRAINING1,3,rejection_rate,66.22222222222223
SROF012,TRAINING1,4,rejection_rate,71.15384615384616
SROF012,TRAINING1,5,rejection_rate,72.72727272727273
SROF012,TRAINING1,6,rejection_rate,76.38888888888889
SROF012,TRAINING1,7,rejection_rate,84.04907975460122
SROF017,TRAINING1,1,rejection_rate,38.79003558718861
SROF017,TRAINING1,2,rejection_rate,30.65015479876161
SROF017,TRAINING1,3,rejection_rate,36.45833333333333
SROF017,TRAINING1,4,rejection_rate,37.82771535580524
SROF017,TRAINING1,5,rejection_rate,46.91943127962085
SROF017,TRAINING1,6,rejection_rate,47.54716981132076
SROF017,TRAINING1,7,rejection_rate,47.70318021201413
SROF017,TRAINING1,8,rejection_rate,31.4878892733564
SROF017,TRAINING1,9,rejection_rate,39.130434782608695
SROF017,TRAINING1,10,rejection_rate,61.06870229007634
SROF017,TRAINING1,11,rejection_rate,39.52095808383233
SROF017,TRAINING1,12,rejection_rate,56.470588235294116
SROF017,TRAINING1,13,rejection_rate,45.9546925566343
SROF017,TRAINING1,14,rejection_rate,44.843049327354265
SROF017,TRAINING1,15,rejection_rate,51.724137931034484
SROF017,TRAINING1,16,rejection_rate,60.86956521739131
SROF017,TRAINING1,17,rejection_rate,53.67965367965368
SROF017,TRAINING1,18,rejection_rate,71.59763313609467
SROF017,TRAINING1,19,rejection_rate,47.40740740740741
SROF017,TRAINING1,20,rejection_rate,50.0
SROF017,TRAINING1,21,rejection_rate,43.0327868852459
SROF017,TRAINING1,22,rejection_rate,54.25531914893617
SROF017,TRAINING1,23,rejection_rate,56.557377049180324
SROF017,TRAINING1,24,rejection_rate,46.330275229357795
SROF017,TRAINING1,25,rejection_rate,54.0
SROF017,TRAINING1,26,rejection_rate,41.37931034482759
SROF017,TRAINING1,27,rejection_rate,38.88888888888889
SROF017,TRAINING1,28,rejection_rate,53.333333333333336
SROF017,TRAINING1,29,rejection_rate,39.63414634146341
SROF017,TRAINING1,30,rejection_rate,56.76855895196506
SROF017,TRAINING1,31,rejection_rate,55.483870967741936
SROF018,TRAINING1,1,rejection_rate,72.22222222222221
SROF018,TRAINING1,2,rejection_rate,54.054054054054056
SROF018,TRAINING1,3,rejection_rate,26.666666666666668
SROF018,TRAINING1,4,rejection_rate,58.46153846153847
SROF018,TRAINING1,5,rejection_rate,55.44554455445545
SROF018,TRAINING1,6,rejection_rate,58.139534883720934
SROF018,TRAINING1,7,rejection_rate,65.3061224489796
SROF018,TRAINING1,8,rejection_rate,66.0
SROF018,TRAINING1,9,rejection_rate,72.88135593220339
SROF018,TRAINING1,10,rejection_rate,72.72727272727273
SROF018,TRAINING1,11,rejection_rate,62.22222222222222
SROF018,TRAINING1,12,rejection_rate,68.85245901639344
SROF018,TRAINING1,13,rejection_rate,71.73913043478261
SROF018,TRAINING1,14,rejection_rate,75.67567567567568
SROF018,TRAINING1,15,rejection_rate,78.78787878787878
SROF018,TRAINING1,16,rejection_rate,93.87755102040816
SROF020,TRAINING1,1,rejection_rate,58.69565217391305
SROF020,TRAINING1,2,rejection_rate,53.03030303030303
SROF020,TRAINING1,3,rejection_rate,77.08333333333334
SROF020,TRAINING1,4,rejection_rate,75.40983606557377
SROF020,TRAINING1,5,rejection_rate,66.66666666666666
SROF020,TRAINING1,6,rejection_rate,77.77777777777779
SROF020,TRAINING1,7,rejection_rate,84.78260869565217
SROF020,TRAINING1,8,rejection_rate,58.97435897435898
SROF020,TRAINING1,9,rejection_rate,94.44444444444444
SROF020,TRAINING1,10,rejection_rate,78.57142857142857
SROF020,TRAINING1,11,rejection_rate,63.63636363636363
SROF020,TRAINING1,12,rejection_rate,59.25925925925925
SROF020,TRAINING1,13,rejection_rate,85.41666666666666
SROF020,TRAINING1,14,rejection_rate,83.52941176470588
SROF012,TRAINING2,1,rejection_rate,47.77327935222672
SROF012,TRAINING2,2,rejection_rate,55.11363636363637
SROF012,TRAINING2,3,rejection_rate,57.14285714285714
SROF012,TRAINING2,4,rejection_rate,54.92227979274611
SROF012,TRAINING2,5,rejection_rate,76.88679245283019
SROF012,TRAINING2,6,rejection_rate,78.97196261682244
SROF017,TRAINING2,1,rejection_rate,43.656716417910445
SROF017,TRAINING2,2,rejection_rate,28.57142857142857
SROF017,TRAINING2,3,rejection_rate,31.456953642384107
SROF017,TRAINING2,4,rejection_rate,61.18881118881119
SROF017,TRAINING2,5,rejection_rate,60.78431372549019
SROF018,TRAINING2,1,rejection_rate,44.303797468354425
SROF018,TRAINING2,2,rejection_rate,44.0
SROF018,TRAINING2,3,rejection_rate,38.46153846153847
SROF018,TRAINING2,4,rejection_rate,40.0
SROF018,TRAINING2,5,rejection_rate,71.875
SROF018,TRAINING2,6,rejection_rate,73.33333333333333
SROF018,TRAINING2,7,rejection_rate,75.0
SROF018,TRAINING2,8,rejection_rate,87.5
SROF018,TRAINING2,9,rejection_rate,81.81818181818183
SROF020,TRAINING2,1,rejection_rate,44.642857142857146
SROF020,TRAINING2,2,rejection_rate,44.73684210526316
SROF020,TRAINING2,3,rejection_rate,47.61904761904761
SROF020,TRAINING2,4,rejection_rate,32.5
SROF020,TRAINING2,5,rejection_rate,56.896551724137936
SROF020,TRAINING2,6,rejection_rate,68.29268292682927
SROF020,TRAINING2,7,rejection_rate,81.57894736842105
SROF020,TRAINING2,8,rejection_rate,62.5
SROF012,TRAINING3,1,rejection_rate,51.66666666666667
SROF012,TRAINING3,2,rejection_rate,48.06629834254144
SROF012,TRAINING3,3,rejection_rate,60.90534979423868
SROF012,TRAINING3,4,rejection_rate,75.0
SROF012,TRAINING3,5,rejection_rate,68.19787985865725
SROF017,TRAINING3,1,rejection_rate,27.979274611398964
SROF017,TRAINING3,2,rejection_rate,45.11627906976744
SROF017,TRAINING3,3,rejection_rate,45.70135746606335
SROF017,TRAINING3,4,rejection_rate,53.380782918149464
SROF017,TRAINING3,5,rejection_rate,52.12765957446809
SROF018,TRAINING3,1,rejection_rate,79.3103448275862
SROF018,TRAINING3,2,rejection_rate,59.25925925925925
SROF018,TRAINING3,3,rejection_rate,42.42424242424242
SROF018,TRAINING3,4,rejection_rate,34.61538461538461
SROF018,TRAINING3,5,rejection_rate,63.33333333333333
SROF018,TRAINING3,6,rejection_rate,61.111111111111114
SROF018,TRAINING3,7,rejection_rate,73.13432835820896
SROF018,TRAINING3,8,rejection_rate,67.44186046511628
SROF018,TRAINING3,9,rejection_rate,74.64788732394366
SROF020,TRAINING3,1,rejection_rate,23.25581395348837
SROF020,TRAINING3,2,rejection_rate,13.829787234042554
SROF020,TRAINING3,3,rejection_rate,8.21917808219178
SROF020,TRAINING3,4,rejection_rate,14.285714285714285
SROF020,TRAINING3,5,rejection_rate,10.144927536231885
SROF020,TRAINING3,6,rejection_rate,6.521739130434782
SROF020,TRAINING3,7,rejection_rate,20.754716981132077
SROF020,TRAINING3,8,rejection_rate,24.0
SROF020,TRAINING3,9,rejection_rate,19.642857142857142
SROF020,TRAINING3,10,rejection_rate,7.4074074074074066
SROF020,TRAINING3,11,rejection_rate,50.0
SROF020,TRAINING3,12,rejection_rate,43.20987654320987
SROF020,TRAINING3,13,rejection_rate,53.191489361702125
SROF020,TRAINING3,14,rejection_rate,52.94117647058824
SROF012,TRAINING1,1,d'_loglinear_corrected,0.1515902833132005
SROF012,TRAINING1,2,d'_loglinear_corrected,0.4891647432676853
SROF012,TRAINING1,3,d'_loglinear_corrected,0.8692323798719594
SROF012,TRAINING1,4,d'_loglinear_corrected,1.009296504665182
SROF012,TRAINING1,5,d'_loglinear_corrected,0.9764131947596546
SROF012,TRAINING1,6,d'_loglinear_corrected,1.2675989633191334
SROF012,TRAINING1,7,d'_loglinear_corrected,1.471973631493621
SROF017,TRAINING1,1,d'_loglinear_corrected,0.08938818857506381
SROF017,TRAINING1,2,d'_loglinear_corrected,-0.09477852965004574
SROF017,TRAINING1,3,d'_loglinear_corrected,0.05548144617407508
SROF017,TRAINING1,4,d'_loglinear_corrected,0.17362135152523128
SROF017,TRAINING1,5,d'_loglinear_corrected,0.6514409450397576
SROF017,TRAINING1,6,d'_loglinear_corrected,0.7212715661564203
SROF017,TRAINING1,7,d'_loglinear_corrected,0.35378761813791454
SROF017,TRAINING1,8,d'_loglinear_corrected,0.02175891196550922
SROF017,TRAINING1,9,d'_loglinear_corrected,0.5128726381199911
SROF017,TRAINING1,10,d'_loglinear_corrected,0.8870508508841223
SROF017,TRAINING1,11,d'_loglinear_corrected,0.671771683955223
SROF017,TRAINING1,12,d'_loglinear_corrected,0.8816691101573233
SROF017,TRAINING1,13,d'_loglinear_corrected,0.6179368933828715
SROF017,TRAINING1,14,d'_loglinear_corrected,0.8687350503093683
SROF017,TRAINING1,15,d'_loglinear_corrected,0.6617345070125069
SROF017,TRAINING1,16,d'_loglinear_corrected,1.282428105070574
SROF017,TRAINING1,17,d'_loglinear_corrected,1.0100302007906428
SROF017,TRAINING1,18,d'_loglinear_corrected,1.3784416119459557
SROF017,TRAINING1,19,d'_loglinear_corrected,0.7109933361209411
SROF017,TRAINING1,20,d'_loglinear_corrected,0.763919435989825
SROF017,TRAINING1,21,d'_loglinear_corrected,0.6680252918397032
SROF017,TRAINING1,22,d'_loglinear_corrected,0.9843577511458834
SROF017,TRAINING1,23,d'_loglinear_corrected,1.5346027560261475
SROF017,TRAINING1,24,d'_loglinear_corrected,1.3405502850695459
SROF017,TRAINING1,25,d'_loglinear_corrected,0.9869129369967058
SROF017,TRAINING1,26,d'_loglinear_corrected,0.6226210728237769
SROF017,TRAINING1,27,d'_loglinear_corrected,0.7580652025295356
SROF017,TRAINING1,28,d'_loglinear_corrected,0.5291566253484715
SROF017,TRAINING1,29,d'_loglinear_corrected,0.6918992078604724
SROF017,TRAINING1,30,d'_loglinear_corrected,1.6780507756455747
SROF017,TRAINING1,31,d'_loglinear_corrected,1.4987092178905392
SROF018,TRAINING1,1,d'_loglinear_corrected,1.0353006610053963
SROF018,TRAINING1,2,d'_loglinear_corrected,0.6742171411013371
SROF018,TRAINING1,3,d'_loglinear_corrected,-0.5791321622555559
SROF018,TRAINING1,4,d'_loglinear_corrected,0.2831483282480862
SROF018,TRAINING1,5,d'_loglinear_corrected,0.22854736375987078
SROF018,TRAINING1,6,d'_loglinear_corrected,0.47830894553037906
SROF018,TRAINING1,7,d'_loglinear_corrected,1.0104060432857442
SROF018,TRAINING1,8,d'_loglinear_corrected,0.8791567238576541
SROF018,TRAINING1,9,d'_loglinear_corrected,1.1609092644977976
SROF018,TRAINING1,10,d'_loglinear_corrected,1.0058234236293129
SROF018,TRAINING1,11,d'_loglinear_corrected,1.1527190246104042
SROF018,TRAINING1,12,d'_loglinear_corrected,0.7399358702280077
SROF018,TRAINING1,13,d'_loglinear_corrected,1.380032858403962
SROF018,TRAINING1,14,d'_loglinear_corrected,0.7970705940848845
SROF018,TRAINING1,15,d'_loglinear_corrected,2.2495819984345875
SROF018,TRAINING1,16,d'_loglinear_corrected,1.8488683333969378
SROF020,TRAINING1,1,d'_loglinear_corrected,0.8225360783118343
SROF020,TRAINING1,2,d'_loglinear_corrected,0.7619252087561443
SROF020,TRAINING1,3,d'_loglinear_corrected,0.4137719982774676
SROF020,TRAINING1,4,d'_loglinear_corrected,0.635916675048279
SROF020,TRAINING1,5,d'_loglinear_corrected,1.0038856101008695
SROF020,TRAINING1,6,d'_loglinear_corrected,0.9360249210781146
SROF020,TRAINING1,7,d'_loglinear_corrected,1.5745430020661773
SROF020,TRAINING1,8,d'_loglinear_corrected,0.8765422182319971
SROF020,TRAINING1,9,d'_loglinear_corrected,1.5018299299819267
SROF020,TRAINING1,10,d'_loglinear_corrected,0.17002852804204593
SROF020,TRAINING1,11,d'_loglinear_corrected,1.0495025983752884
SROF020,TRAINING1,12,d'_loglinear_corrected,0.492702079265112
SROF020,TRAINING1,13,d'_loglinear_corrected,1.6362051844081464
SROF020,TRAINING1,14,d'_loglinear_corrected,1.1737433603455876
SROF012,TRAINING2,1,d'_loglinear_corrected,0.5415114224230958
SROF012,TRAINING2,2,d'_loglinear_corrected,0.7082043224257222
SROF012,TRAINING2,3,d'_loglinear_corrected,1.038568117119759
SROF012,TRAINING2,4,d'_loglinear_corrected,1.1737206156263769
SROF012,TRAINING2,5,d'_loglinear_corrected,1.3188085950565998
SROF012,TRAINING2,6,d'_loglinear_corrected,1.564639744234027
SROF017,TRAINING2,1,d'_loglinear_corrected,0.31465675553674655
SROF017,TRAINING2,2,d'_loglinear_corrected,0.6331812145171799
SROF017,TRAINING2,3,d'_loglinear_corrected,1.0671767643209495
SROF017,TRAINING2,4,d'_loglinear_corrected,1.712292810572299
SROF017,TRAINING2,5,d'_loglinear_corrected,1.490585271644234
SROF018,TRAINING2,1,d'_loglinear_corrected,0.03640366234694398
SROF018,TRAINING2,2,d'_loglinear_corrected,0.492363219751603
SROF018,TRAINING2,3,d'_loglinear_corrected,-0.27188000539926077
SROF018,TRAINING2,4,d'_loglinear_corrected,0.6100181329525426
SROF018,TRAINING2,5,d'_loglinear_corrected,1.674929631961219
SROF018,TRAINING2,6,d'_loglinear_corrected,1.2536219124516377
SROF018,TRAINING2,7,d'_loglinear_corrected,0.7573498026378839
SROF018,TRAINING2,8,d'_loglinear_corrected,1.6419113162977825
SROF018,TRAINING2,9,d'_loglinear_corrected,1.0840978068991731
SROF020,TRAINING2,1,d'_loglinear_corrected,-0.006651505421097159
SROF020,TRAINING2,2,d'_loglinear_corrected,-0.0841249344535255
SROF020,TRAINING2,3,d'_loglinear_corrected,0.23340492107088476
SROF020,TRAINING2,4,d'_loglinear_corrected,0.30592406837832337
SROF020,TRAINING2,5,d'_loglinear_corrected,0.47444073894145455
SROF020,TRAINING2,6,d'_loglinear_corrected,0.8490282178647468
SROF020,TRAINING2,7,d'_loglinear_corrected,1.116462764027863
SROF020,TRAINING2,8,d'_loglinear_corrected,1.0833083969014825
SROF012,TRAINING3,1,d'_loglinear_corrected,0.4748055218648993
SROF012,TRAINING3,2,d'_loglinear_corrected,0.4483187385101281
SROF012,TRAINING3,3,d'_loglinear_corrected,0.756333509998152
SROF012,TRAINING3,4,d'_loglinear_corrected,1.4875217374894154
SROF012,TRAINING3,5,d'_loglinear_corrected,1.8037528133183323
SROF017,TRAINING3,1,d'_loglinear_corrected,0.012735766014405181
SROF017,TRAINING3,2,d'_loglinear_corrected,0.9081140608455521
SROF017,TRAINING3,3,d'_loglinear_corrected,1.0348182376713613
SROF017,TRAINING3,4,d'_loglinear_corrected,1.4206735639035295
SROF017,TRAINING3,5,d'_loglinear_corrected,1.5775518498165164
SROF018,TRAINING3,1,d'_loglinear_corrected,0.3172351140191387
SROF018,TRAINING3,2,d'_loglinear_corrected,0.3546090650092013
SROF018,TRAINING3,3,d'_loglinear_corrected,-0.23934433742686423
SROF018,TRAINING3,4,d'_loglinear_corrected,0.17361464636295632
SROF018,TRAINING3,5,d'_loglinear_corrected,0.682225333105039
SROF018,TRAINING3,6,d'_loglinear_corrected,0.8275549172772916
SROF018,TRAINING3,7,d'_loglinear_corrected,0.7791372551363782
SROF018,TRAINING3,8,d'_loglinear_corrected,1.1430956260851968
SROF018,TRAINING3,9,d'_loglinear_corrected,1.1273059053168357
SROF020,TRAINING3,1,d'_loglinear_corrected,-0.6310361879026644
SROF020,TRAINING3,2,d'_loglinear_corrected,0.049593162007637304
SROF020,TRAINING3,3,d'_loglinear_corrected,-0.4969359709728498
SROF020,TRAINING3,4,d'_loglinear_corrected,0.12726472647886466
SROF020,TRAINING3,5,d'_loglinear_corrected,0.032022362308154584
SROF020,TRAINING3,6,d'_loglinear_corrected,0.03235151490668331
SROF020,TRAINING3,7,d'_loglinear_corrected,0.48536899376720843
SROF020,TRAINING3,8,d'_loglinear_corrected,0.20467796824848672
SROF020,TRAINING3,9,d'_loglinear_corrected,0.22684936133365574
SROF020,TRAINING3,10,d'_loglinear_corrected,-0.017264762420804214
SROF020,TRAINING3,11,d'_loglinear_corrected,0.08964235107576254
SROF020,TRAINING3,12,d'_loglinear_corrected,0.3589836807518074
SROF020,TRAINING3,13,d'_loglinear_corrected,1.9847704155661385
SROF020,TRAINING3,14,d'_loglinear_corrected,1.1932217010748625
SROF012,TRAINING1,1,response_bias,-0.39443450562097543
SROF012,TRAINING1,2,response_bias,0.20509765328604415
SROF012,TRAINING1,3,response_bias,-0.018043721294066395
SROF012,TRAINING1,4,response_bias,0.04929477882949451
SROF012,TRAINING1,5,response_bias,0.11274482714430889
SROF012,TRAINING1,6,response_bias,0.08112715325302583
SROF012,TRAINING1,7,response_bias,0.25197626085017255
SROF017,TRAINING1,1,response_bias,-0.32845222276610453
SROF017,TRAINING1,2,response_bias,-0.456701593193081
SROF017,TRAINING1,3,response_bias,-0.37272817233587985
SROF017,TRAINING1,4,response_bias,-0.39562511258781696
SROF017,TRAINING1,5,response_bias,-0.40265045545890255
SROF017,TRAINING1,6,response_bias,-0.4219263294531403
SROF017,TRAINING1,7,response_bias,-0.23429532919822807
SROF017,TRAINING1,8,response_bias,-0.4911507712949671
SROF017,TRAINING1,9,response_bias,-0.531335753318649
SROF017,TRAINING1,10,response_bias,-0.1646012696837239
SROF017,TRAINING1,11,response_bias,-0.6000328188035344
SROF017,TRAINING1,12,response_bias,-0.27888430244657453
SROF017,TRAINING1,13,response_bias,-0.4102148786219599
SROF017,TRAINING1,14,response_bias,-0.5634132999385795
SROF017,TRAINING1,15,response_bias,-0.28800578704237517
SROF017,TRAINING1,16,response_bias,-0.3664071137944436
SROF017,TRAINING1,17,response_bias,-0.4130479484814086
SROF017,TRAINING1,18,response_bias,-0.12203541921779076
SROF017,TRAINING1,19,response_bias,-0.4200502902619073
SROF017,TRAINING1,20,response_bias,-0.3819597179949125
SROF017,TRAINING1,21,response_bias,-0.5088282971721292
SROF017,TRAINING1,22,response_bias,-0.38587835092831646
SROF017,TRAINING1,23,response_bias,-0.602865161712901
SROF017,TRAINING1,24,response_bias,-0.761969803732987
SROF017,TRAINING1,25,response_bias,-0.3936900905205231
SROF017,TRAINING1,26,response_bias,-0.5253600128294841
SROF017,TRAINING1,27,response_bias,-0.6589673602734282
SROF017,TRAINING1,28,response_bias,-0.18616589994112354
SROF017,TRAINING1,29,response_bias,-0.6071481569261535
SROF017,TRAINING1,30,response_bias,-0.6692889178234134
SROF017,TRAINING1,31,response_bias,-0.6119047726596167
SROF018,TRAINING1,1,response_bias,0.05979839949020302
SROF018,TRAINING1,2,response_bias,-0.23800071072776946
SROF018,TRAINING1,3,response_bias,-0.289566081127778
SROF018,TRAINING1,4,response_bias,0.06885423012388157
SROF018,TRAINING1,5,response_bias,0.021301833318861506
SROF018,TRAINING1,6,response_bias,-0.03608465196480591
SROF018,TRAINING1,7,response_bias,-0.11988255523530436
SROF018,TRAINING1,8,response_bias,-0.035662388584417865
SROF018,TRAINING1,9,response_bias,0.01730549379357954
SROF018,TRAINING1,10,response_bias,0.09292838962731956
SROF018,TRAINING1,11,response_bias,-0.2720204197710891
SROF018,TRAINING1,12,response_bias,0.11312146780241397
SROF018,TRAINING1,13,response_bias,-0.12853309015401104
SROF018,TRAINING1,14,response_bias,0.2759544531536396
SROF018,TRAINING1,15,response_bias,-0.3404427934682292
SROF018,TRAINING1,16,response_bias,0.5513568614807015
SROF020,TRAINING1,1,response_bias,-0.1962935830567557
SROF020,TRAINING1,2,response_bias,-0.30606792192355464
SROF020,TRAINING1,3,response_bias,0.5255253631031092
SROF020,TRAINING1,4,response_bias,0.3565314126719423
SROF020,TRAINING1,5,response_bias,-0.08264705200903877
SROF020,TRAINING1,6,response_bias,0.27984613422424476
SROF020,TRAINING1,7,response_bias,0.22412236257776952
SROF020,TRAINING1,8,response_bias,-0.21715239611842801
SROF020,TRAINING1,9,response_bias,0.6612726139152009
SROF020,TRAINING1,10,response_bias,0.6428990268606216
SROF020,TRAINING1,11,response_bias,-0.19174620099034742
SROF020,TRAINING1,12,response_bias,-0.020643085772396583
SROF020,TRAINING1,13,response_bias,0.20528960118744705
SROF020,TRAINING1,14,response_bias,0.37282220375519826
SROF012,TRAINING2,1,response_bias,-0.3263749206276638
SROF012,TRAINING2,2,response_bias,-0.22629942513510934
SROF012,TRAINING2,3,response_bias,-0.3401340363011236
SROF012,TRAINING2,4,response_bias,-0.46380317424711975
SROF012,TRAINING2,5,response_bias,0.07158001931932806
SROF012,TRAINING2,6,response_bias,0.018465663796964016
SROF017,TRAINING2,1,response_bias,-0.31640824739703277
SROF017,TRAINING2,2,response_bias,-0.8802400944060743
SROF017,TRAINING2,3,response_bias,-1.0148043176059374
SROF017,TRAINING2,4,response_bias,-0.5729202558489488
SROF017,TRAINING2,5,response_bias,-0.472504768735512
SROF018,TRAINING2,1,response_bias,-0.15967013255563062
SROF018,TRAINING2,2,response_bias,-0.39130255108657563
SROF018,TRAINING2,3,response_bias,-0.13594000269963039
SROF018,TRAINING2,4,response_bias,-0.546049460362298
SROF018,TRAINING2,5,response_bias,-0.277872541753177
SROF018,TRAINING2,6,response_bias,-0.04767879397026287
SROF018,TRAINING2,7,response_bias,0.21078089653083643
SROF018,TRAINING2,8,response_bias,0.14646590795280967
SROF018,TRAINING2,9,response_bias,0.27016889805032607
SROF020,TRAINING2,1,response_bias,-0.12898709956562274
SROF020,TRAINING2,2,response_bias,-0.08683864392227914
SROF020,TRAINING2,3,response_bias,-0.17502919580843557
SROF020,TRAINING2,4,response_bias,-0.5948965605741403
SROF020,TRAINING2,5,response_bias,-0.06497911134403517
SROF020,TRAINING2,6,response_bias,0.039193642524805644
SROF020,TRAINING2,7,response_bias,0.31119239127495446
SROF020,TRAINING2,8,response_bias,-0.2297351436304158
SROF012,TRAINING3,1,response_bias,-0.19584447654714465
SROF012,TRAINING3,2,response_bias,-0.2723824428109863
SROF012,TRAINING3,3,response_bias,-0.10247767711741992
SROF012,TRAINING3,4,response_bias,-0.07232912025170479
SROF012,TRAINING3,5,response_bias,-0.4304327462711617
SROF017,TRAINING3,1,response_bias,-0.5864552980352147
SROF017,TRAINING3,2,response_bias,-0.5762101193253281
SROF017,TRAINING3,3,response_bias,-0.6248812738792906
SROF017,TRAINING3,4,response_bias,-0.6257930239219395
SROF017,TRAINING3,5,response_bias,-0.7356068220708969
SROF018,TRAINING3,1,response_bias,0.6248828183802049
SROF018,TRAINING3,2,response_bias,0.04840342135555875
SROF018,TRAINING3,3,response_bias,-0.06849415760138058
SROF018,TRAINING3,4,response_bias,-0.4746760158664917
SROF018,TRAINING3,5,response_bias,-0.011821319574397193
SROF018,TRAINING3,6,response_bias,-0.1347448240594524
SROF018,TRAINING3,7,response_bias,0.2170294941516076
SROF018,TRAINING3,8,response_bias,-0.12495960853641941
SROF018,TRAINING3,9,response_bias,0.08914136272733345
SROF020,TRAINING3,1,response_bias,-0.395177763503865
SROF020,TRAINING3,2,response_bias,-1.095705186070882
SROF020,TRAINING3,3,response_bias,-1.1057223057076035
SROF020,TRAINING3,4,response_bias,-1.1127637612034045
SROF020,TRAINING3,5,response_bias,-1.257877972997398
SROF020,TRAINING3,6,response_bias,-1.4927680975846962
SROF020,TRAINING3,7,response_bias,-1.0388670686609964
SROF020,TRAINING3,8,response_bias,-0.7768287343203258
SROF020,TRAINING3,9,response_bias,-0.9487958242389392
SROF020,TRAINING3,10,response_bias,-1.336534252966237
SROF020,TRAINING3,11,response_bias,-0.04482117553788127
SROF020,TRAINING3,12,response_bias,-0.3484193526240007
SROF020,TRAINING3,13,response_bias,-0.9139727950499571
SROF020,TRAINING3,14,response_bias,-0.5238909165372695
SROF012,TRAINING1,1,trials,361
SROF012,TRAINING1,2,trials,295
SROF012,TRAINING1,3,trials,413
SROF012,TRAINING1,4,trials,286
SROF012,TRAINING1,5,trials,391
SROF012,TRAINING1,6,trials,420
SROF012,TRAINING1,7,trials,310
SROF017,TRAINING1,1,trials,634
SROF017,TRAINING1,2,trials,599
SROF017,TRAINING1,3,trials,573
SROF017,TRAINING1,4,trials,544
SROF017,TRAINING1,5,trials,448
SROF017,TRAINING1,6,trials,506
SROF017,TRAINING1,7,trials,539
SROF017,TRAINING1,8,trials,582
SROF017,TRAINING1,9,trials,528
SROF017,TRAINING1,10,trials,246
SROF017,TRAINING1,11,trials,312
SROF017,TRAINING1,12,trials,328
SROF017,TRAINING1,13,trials,594
SROF017,TRAINING1,14,trials,445
SROF017,TRAINING1,15,trials,240
SROF017,TRAINING1,16,trials,472
SROF017,TRAINING1,17,trials,428
SROF017,TRAINING1,18,trials,319
SROF017,TRAINING1,19,trials,255
SROF017,TRAINING1,20,trials,437
SROF017,TRAINING1,21,trials,536
SROF017,TRAINING1,22,trials,416
SROF017,TRAINING1,23,trials,495
SROF017,TRAINING1,24,trials,434
SROF017,TRAINING1,25,trials,285
SROF017,TRAINING1,26,trials,129
SROF017,TRAINING1,27,trials,262
SROF017,TRAINING1,28,trials,37
SROF017,TRAINING1,29,trials,348
SROF017,TRAINING1,30,trials,479
SROF017,TRAINING1,31,trials,580
SROF018,TRAINING1,1,trials,104
SROF018,TRAINING1,2,trials,59
SROF018,TRAINING1,3,trials,27
SROF018,TRAINING1,4,trials,133
SROF018,TRAINING1,5,trials,181
SROF018,TRAINING1,6,trials,168
SROF018,TRAINING1,7,trials,95
SROF018,TRAINING1,8,trials,101
SROF018,TRAINING1,9,trials,133
SROF018,TRAINING1,10,trials,142
SROF018,TRAINING1,11,trials,97
SROF018,TRAINING1,12,trials,134
SROF018,TRAINING1,13,trials,91
SROF018,TRAINING1,14,trials,77
SROF018,TRAINING1,15,trials,114
SROF018,TRAINING1,16,trials,103
SROF020,TRAINING1,1,trials,91
SROF020,TRAINING1,2,trials,128
SROF020,TRAINING1,3,trials,163
SROF020,TRAINING1,4,trials,125
SROF020,TRAINING1,5,trials,72
SROF020,TRAINING1,6,trials,120
SROF020,TRAINING1,7,trials,166
SROF020,TRAINING1,8,trials,79
SROF020,TRAINING1,9,trials,31
SROF020,TRAINING1,10,trials,39
SROF020,TRAINING1,11,trials,40
SROF020,TRAINING1,12,trials,45
SROF020,TRAINING1,13,trials,97
SROF020,TRAINING1,14,trials,143
SROF012,TRAINING2,1,trials,484
SROF012,TRAINING2,2,trials,394
SROF012,TRAINING2,3,trials,391
SROF012,TRAINING2,4,trials,359
SROF012,TRAINING2,5,trials,414
SROF012,TRAINING2,6,trials,431
SROF017,TRAINING2,1,trials,536
SROF017,TRAINING2,2,trials,527
SROF017,TRAINING2,3,trials,589
SROF017,TRAINING2,4,trials,553
SROF017,TRAINING2,5,trials,614
SROF018,TRAINING2,1,trials,163
SROF018,TRAINING2,2,trials,45
SROF018,TRAINING2,3,trials,23
SROF018,TRAINING2,4,trials,57
SROF018,TRAINING2,5,trials,65
SROF018,TRAINING2,6,trials,32
SROF018,TRAINING2,7,trials,22
SROF018,TRAINING2,8,trials,13
SROF018,TRAINING2,9,trials,24
SROF020,TRAINING2,1,trials,125
SROF020,TRAINING2,2,trials,65
SROF020,TRAINING2,3,trials,102
SROF020,TRAINING2,4,trials,72
SROF020,TRAINING2,5,trials,195
SROF020,TRAINING2,6,trials,90
SROF020,TRAINING2,7,trials,78
SROF020,TRAINING2,8,trials,131
SROF012,TRAINING3,1,trials,361
SROF012,TRAINING3,2,trials,385
SROF012,TRAINING3,3,trials,437
SROF012,TRAINING3,4,trials,518
SROF012,TRAINING3,5,trials,572
SROF017,TRAINING3,1,trials,389
SROF017,TRAINING3,2,trials,422
SROF017,TRAINING3,3,trials,445
SROF017,TRAINING3,4,trials,572
SROF017,TRAINING3,5,trials,540
SROF018,TRAINING3,1,trials,67
SROF018,TRAINING3,2,trials,65
SROF018,TRAINING3,3,trials,114
SROF018,TRAINING3,4,trials,98
SROF018,TRAINING3,5,trials,58
SROF018,TRAINING3,6,trials,173
SROF018,TRAINING3,7,trials,139
SROF018,TRAINING3,8,trials,157
SROF018,TRAINING3,9,trials,144
SROF020,TRAINING3,1,trials,105
SROF020,TRAINING3,2,trials,173
SROF020,TRAINING3,3,trials,141
SROF020,TRAINING3,4,trials,154
SROF020,TRAINING3,5,trials,142
SROF020,TRAINING3,6,trials,190
SROF020,TRAINING3,7,trials,87
SROF020,TRAINING3,8,trials,53
SROF020,TRAINING3,9,trials,114
SROF020,TRAINING3,10,trials,64
SROF020,TRAINING3,11,trials,155
SROF020,TRAINING3,12,trials,162
SROF020,TRAINING3,13,trials,99
SROF020,TRAINING3,14,trials,147
SROF012,TRAINING1,1,hit,135
SROF012,TRAINING1,2,hit,65
SROF012,TRAINING1,3,hit,127
SROF012,TRAINING1,4,hit,88
SROF012,TRAINING1,5,hit,132
SROF012,TRAINING1,6,hit,145
SROF012,TRAINING1,7,hit,101
SROF017,TRAINING1,1,hit,228
SROF017,TRAINING1,2,hit,182
SROF017,TRAINING1,3,hit,187
SROF017,TRAINING1,4,hit,190
SROF017,TRAINING1,5,hit,182
SROF017,TRAINING1,6,hit,189
SROF017,TRAINING1,7,hit,169
SROF017,TRAINING1,8,hit,203
SROF017,TRAINING1,9,hit,198
SROF017,TRAINING1,10,hit,84
SROF017,TRAINING1,11,hit,120
SROF017,TRAINING1,12,hit,121
SROF017,TRAINING1,13,hit,218
SROF017,TRAINING1,14,hit,187
SROF017,TRAINING1,15,hit,91
SROF017,TRAINING1,16,hit,185
SROF017,TRAINING1,17,hit,162
SROF017,TRAINING1,18,hit,119
SROF017,TRAINING1,19,hit,94
SROF017,TRAINING1,20,hit,183
SROF017,TRAINING1,21,hit,234
SROF017,TRAINING1,22,hit,185
SROF017,TRAINING1,23,hit,230
SROF017,TRAINING1,24,hit,200
SROF017,TRAINING1,25,hit,110
SROF017,TRAINING1,26,hit,57
SROF017,TRAINING1,27,hit,116
SROF017,TRAINING1,28,hit,15
SROF017,TRAINING1,29,hit,153
SROF017,TRAINING1,30,hit,234
SROF017,TRAINING1,31,hit,247
SROF018,TRAINING1,1,hit,34
SROF018,TRAINING1,2,hit,16
SROF018,TRAINING1,3,hit,6
SROF018,TRAINING1,4,hit,36
SROF018,TRAINING1,5,hit,43
SROF018,TRAINING1,6,hit,50
SROF018,TRAINING1,7,hit,34
SROF018,TRAINING1,8,hit,35
SROF018,TRAINING1,9,hit,53
SROF018,TRAINING1,10,hit,43
SROF018,TRAINING1,11,hit,42
SROF018,TRAINING1,12,hit,44
SROF018,TRAINING1,13,hit,36
SROF018,TRAINING1,14,hit,22
SROF018,TRAINING1,15,hit,45
SROF018,TRAINING1,16,hit,35
SROF020,TRAINING1,1,hit,33
SROF020,TRAINING1,2,hit,47
SROF020,TRAINING1,3,hit,25
SROF020,TRAINING1,4,hit,31
SROF020,TRAINING1,5,hit,24
SROF020,TRAINING1,6,hit,38
SROF020,TRAINING1,7,hit,53
SROF020,TRAINING1,8,hit,30
SROF020,TRAINING1,9,hit,7
SROF020,TRAINING1,10,hit,7
SROF020,TRAINING1,11,hit,14
SROF020,TRAINING1,12,hit,11
SROF020,TRAINING1,13,hit,36
SROF020,TRAINING1,14,hit,34
SROF012,TRAINING2,1,hit,172
SROF012,TRAINING2,2,hit,157
SROF012,TRAINING2,3,hit,146
SROF012,TRAINING2,4,hit,142
SROF012,TRAINING2,5,hit,146
SROF012,TRAINING2,6,hit,169
SROF017,TRAINING2,1,hit,183
SROF017,TRAINING2,2,hit,225
SROF017,TRAINING2,3,hit,270
SROF017,TRAINING2,4,hit,247
SROF017,TRAINING2,5,hit,274
SROF018,TRAINING2,1,hit,48
SROF018,TRAINING2,2,hit,15
SROF018,TRAINING2,3,hit,5
SROF018,TRAINING2,4,hit,30
SROF018,TRAINING2,5,hit,29
SROF018,TRAINING2,6,hit,13
SROF018,TRAINING2,7,hit,8
SROF018,TRAINING2,8,hit,4
SROF018,TRAINING2,9,hit,8
SROF020,TRAINING2,1,hit,38
SROF020,TRAINING2,2,hit,14
SROF020,TRAINING2,3,hit,37
SROF020,TRAINING2,4,hit,25
SROF020,TRAINING2,5,hit,49
SROF020,TRAINING2,6,hit,32
SROF020,TRAINING2,7,hit,24
SROF020,TRAINING2,8,hit,65
SROF012,TRAINING3,1,hit,121
SROF012,TRAINING3,2,hit,141
SROF012,TRAINING3,3,hit,133
SROF012,TRAINING3,4,hit,208
SROF012,TRAINING3,5,hit,263
SROF017,TRAINING3,1,hit,142
SROF017,TRAINING3,2,hit,176
SROF017,TRAINING3,3,hit,196
SROF017,TRAINING3,4,hit,265
SROF017,TRAINING3,5,hit,242
SROF018,TRAINING3,1,hit,12
SROF018,TRAINING3,2,hit,21
SROF018,TRAINING3,3,hit,23
SROF018,TRAINING3,4,hit,33
SROF018,TRAINING3,5,hit,18
SROF018,TRAINING3,6,hit,59
SROF018,TRAINING3,7,hit,41
SROF018,TRAINING3,8,hit,54
SROF018,TRAINING3,9,hit,50
SROF020,TRAINING3,1,hit,33
SROF020,TRAINING3,2,hit,69
SROF020,TRAINING3,3,hit,55
SROF020,TRAINING3,4,hit,62
SROF020,TRAINING3,5,hit,66
SROF020,TRAINING3,6,hit,92
SROF020,TRAINING3,7,hit,31
SROF020,TRAINING3,8,hit,23
SROF020,TRAINING3,9,hit,50
SROF020,TRAINING3,10,hit,34
SROF020,TRAINING3,11,hit,37
SROF020,TRAINING3,12,hit,57
SROF020,TRAINING3,13,hit,51
SROF020,TRAINING3,14,hit,69
SROF012,TRAINING1,1,miss,63
SROF012,TRAINING1,2,miss,61
SROF012,TRAINING1,3,miss,61
SROF012,TRAINING1,4,miss,42
SROF012,TRAINING1,5,miss,72
SROF012,TRAINING1,6,miss,59
SROF012,TRAINING1,7,miss,46
SROF017,TRAINING1,1,miss,125
SROF017,TRAINING1,2,miss,94
SROF017,TRAINING1,3,miss,98
SROF017,TRAINING1,4,miss,87
SROF017,TRAINING1,5,miss,55
SROF017,TRAINING1,6,miss,52
SROF017,TRAINING1,7,miss,87
SROF017,TRAINING1,8,miss,90
SROF017,TRAINING1,9,miss,54
SROF017,TRAINING1,10,miss,31
SROF017,TRAINING1,11,miss,25
SROF017,TRAINING1,12,miss,37
SROF017,TRAINING1,13,miss,67
SROF017,TRAINING1,14,miss,35
SROF017,TRAINING1,15,miss,33
SROF017,TRAINING1,16,miss,34
SROF017,TRAINING1,17,miss,35
SROF017,TRAINING1,18,miss,31
SROF017,TRAINING1,19,miss,26
SROF017,TRAINING1,20,miss,52
SROF017,TRAINING1,21,miss,58
SROF017,TRAINING1,22,miss,43
SROF017,TRAINING1,23,miss,21
SROF017,TRAINING1,24,miss,16
SROF017,TRAINING1,25,miss,25
SROF017,TRAINING1,26,miss,14
SROF017,TRAINING1,27,miss,20
SROF017,TRAINING1,28,miss,7
SROF017,TRAINING1,29,miss,31
SROF017,TRAINING1,30,miss,16
SROF017,TRAINING1,31,miss,23
SROF018,TRAINING1,1,miss,16
SROF018,TRAINING1,2,miss,6
SROF018,TRAINING1,3,miss,6
SROF018,TRAINING1,4,miss,32
SROF018,TRAINING1,5,miss,37
SROF018,TRAINING1,6,miss,32
SROF018,TRAINING1,7,miss,12
SROF018,TRAINING1,8,miss,16
SROF018,TRAINING1,9,miss,21
SROF018,TRAINING1,10,miss,22
SROF018,TRAINING1,11,miss,10
SROF018,TRAINING1,12,miss,29
SROF018,TRAINING1,13,miss,9
SROF018,TRAINING1,14,miss,18
SROF018,TRAINING1,15,miss,3
SROF018,TRAINING1,16,miss,19
SROF020,TRAINING1,1,miss,12
SROF020,TRAINING1,2,miss,15
SROF020,TRAINING1,3,miss,42
SROF020,TRAINING1,4,miss,33
SROF020,TRAINING1,5,miss,9
SROF020,TRAINING1,6,miss,28
SROF020,TRAINING1,7,miss,21
SROF020,TRAINING1,8,miss,10
SROF020,TRAINING1,9,miss,6
SROF020,TRAINING1,10,miss,18
SROF020,TRAINING1,11,miss,4
SROF020,TRAINING1,12,miss,7
SROF020,TRAINING1,13,miss,13
SROF020,TRAINING1,14,miss,24
SROF012,TRAINING2,1,miss,65
SROF012,TRAINING2,2,miss,61
SROF012,TRAINING2,3,miss,35
SROF012,TRAINING2,4,miss,24
SROF012,TRAINING2,5,miss,56
SROF012,TRAINING2,6,miss,48
SROF017,TRAINING2,1,miss,85
SROF017,TRAINING2,2,miss,29
SROF017,TRAINING2,3,miss,17
SROF017,TRAINING2,4,miss,20
SROF017,TRAINING2,5,miss,34
SROF018,TRAINING2,1,miss,36
SROF018,TRAINING2,2,miss,5
SROF018,TRAINING2,3,miss,5
SROF018,TRAINING2,4,miss,7
SROF018,TRAINING2,5,miss,4
SROF018,TRAINING2,6,miss,4
SROF018,TRAINING2,7,miss,6
SROF018,TRAINING2,8,miss,1
SROF018,TRAINING2,9,miss,5
SROF020,TRAINING2,1,miss,31
SROF020,TRAINING2,2,miss,13
SROF020,TRAINING2,3,miss,23
SROF020,TRAINING2,4,miss,7
SROF020,TRAINING2,5,miss,30
SROF020,TRAINING2,6,miss,17
SROF020,TRAINING2,7,miss,16
SROF020,TRAINING2,8,miss,18
SROF012,TRAINING3,1,miss,60
SROF012,TRAINING3,2,miss,63
SROF012,TRAINING3,3,miss,61
SROF012,TRAINING3,4,miss,54
SROF012,TRAINING3,5,miss,26
SROF017,TRAINING3,1,miss,54
SROF017,TRAINING3,2,miss,31
SROF017,TRAINING3,3,miss,28
SROF017,TRAINING3,4,miss,26
SROF017,TRAINING3,5,miss,16
SROF018,TRAINING3,1,miss,26
SROF018,TRAINING3,2,miss,17
SROF018,TRAINING3,3,miss,25
SROF018,TRAINING3,4,miss,13
SROF018,TRAINING3,5,miss,10
SROF018,TRAINING3,6,miss,24
SROF018,TRAINING3,7,miss,31
SROF018,TRAINING3,8,miss,17
SROF018,TRAINING3,9,miss,23
SROF020,TRAINING3,1,miss,29
SROF020,TRAINING3,2,miss,10
SROF020,TRAINING3,3,miss,13
SROF020,TRAINING3,4,miss,8
SROF020,TRAINING3,5,miss,7
SROF020,TRAINING3,6,miss,6
SROF020,TRAINING3,7,miss,3
SROF020,TRAINING3,8,miss,5
SROF020,TRAINING3,9,miss,8
SROF020,TRAINING3,10,miss,3
SROF020,TRAINING3,11,miss,32
SROF020,TRAINING3,12,miss,24
SROF020,TRAINING3,13,miss,1
SROF020,TRAINING3,14,miss,10
SROF012,TRAINING1,1,reject,61
SROF012,TRAINING1,2,reject,114
SROF012,TRAINING1,3,reject,149
SROF012,TRAINING1,4,reject,111
SROF012,TRAINING1,5,reject,136
SROF012,TRAINING1,6,reject,165
SROF012,TRAINING1,7,reject,137
SROF017,TRAINING1,1,reject,109
SROF017,TRAINING1,2,reject,99
SROF017,TRAINING1,3,reject,105
SROF017,TRAINING1,4,reject,101
SROF017,TRAINING1,5,reject,99
SROF017,TRAINING1,6,reject,126
SROF017,TRAINING1,7,reject,135
SROF017,TRAINING1,8,reject,91
SROF017,TRAINING1,9,reject,108
SROF017,TRAINING1,10,reject,80
SROF017,TRAINING1,11,reject,66
SROF017,TRAINING1,12,reject,96
SROF017,TRAINING1,13,reject,142
SROF017,TRAINING1,14,reject,100
SROF017,TRAINING1,15,reject,60
SROF017,TRAINING1,16,reject,154
SROF017,TRAINING1,17,reject,124
SROF017,TRAINING1,18,reject,121
SROF017,TRAINING1,19,reject,64
SROF017,TRAINING1,20,reject,101
SROF017,TRAINING1,21,reject,105
SROF017,TRAINING1,22,reject,102
SROF017,TRAINING1,23,reject,138
SROF017,TRAINING1,24,reject,101
SROF017,TRAINING1,25,reject,81
SROF017,TRAINING1,26,reject,24
SROF017,TRAINING1,27,reject,49
SROF017,TRAINING1,28,reject,8
SROF017,TRAINING1,29,reject,65
SROF017,TRAINING1,30,reject,130
SROF017,TRAINING1,31,reject,172
SROF018,TRAINING1,1,reject,39
SROF018,TRAINING1,2,reject,20
SROF018,TRAINING1,3,reject,4
SROF018,TRAINING1,4,reject,38
SROF018,TRAINING1,5,reject,56
SROF018,TRAINING1,6,reject,50
SROF018,TRAINING1,7,reject,32
SROF018,TRAINING1,8,reject,33
SROF018,TRAINING1,9,reject,43
SROF018,TRAINING1,10,reject,56
SROF018,TRAINING1,11,reject,28
SROF018,TRAINING1,12,reject,42
SROF018,TRAINING1,13,reject,33
SROF018,TRAINING1,14,reject,28
SROF018,TRAINING1,15,reject,52
SROF018,TRAINING1,16,reject,46
SROF020,TRAINING1,1,reject,27
SROF020,TRAINING1,2,reject,35
SROF020,TRAINING1,3,reject,74
SROF020,TRAINING1,4,reject,46
SROF020,TRAINING1,5,reject,26
SROF020,TRAINING1,6,reject,42
SROF020,TRAINING1,7,reject,78
SROF020,TRAINING1,8,reject,23
SROF020,TRAINING1,9,reject,17
SROF020,TRAINING1,10,reject,11
SROF020,TRAINING1,11,reject,14
SROF020,TRAINING1,12,reject,16
SROF020,TRAINING1,13,reject,41
SROF020,TRAINING1,14,reject,71
SROF012,TRAINING2,1,reject,118
SROF012,TRAINING2,2,reject,97
SROF012,TRAINING2,3,reject,120
SROF012,TRAINING2,4,reject,106
SROF012,TRAINING2,5,reject,163
SROF012,TRAINING2,6,reject,169
SROF017,TRAINING2,1,reject,117
SROF017,TRAINING2,2,reject,78
SROF017,TRAINING2,3,reject,95
SROF017,TRAINING2,4,reject,175
SROF017,TRAINING2,5,reject,186
SROF018,TRAINING2,1,reject,35
SROF018,TRAINING2,2,reject,11
SROF018,TRAINING2,3,reject,5
SROF018,TRAINING2,4,reject,8
SROF018,TRAINING2,5,reject,23
SROF018,TRAINING2,6,reject,11
SROF018,TRAINING2,7,reject,6
SROF018,TRAINING2,8,reject,7
SROF018,TRAINING2,9,reject,9
SROF020,TRAINING2,1,reject,25
SROF020,TRAINING2,2,reject,17
SROF020,TRAINING2,3,reject,20
SROF020,TRAINING2,4,reject,13
SROF020,TRAINING2,5,reject,66
SROF020,TRAINING2,6,reject,28
SROF020,TRAINING2,7,reject,31
SROF020,TRAINING2,8,reject,30
SROF012,TRAINING3,1,reject,93
SROF012,TRAINING3,2,reject,87
SROF012,TRAINING3,3,reject,148
SROF012,TRAINING3,4,reject,192
SROF012,TRAINING3,5,reject,193
SROF017,TRAINING3,1,reject,54
SROF017,TRAINING3,2,reject,97
SROF017,TRAINING3,3,reject,101
SROF017,TRAINING3,4,reject,150
SROF017,TRAINING3,5,reject,147
SROF018,TRAINING3,1,reject,23
SROF018,TRAINING3,2,reject,16
SROF018,TRAINING3,3,reject,28
SROF018,TRAINING3,4,reject,18
SROF018,TRAINING3,5,reject,19
SROF018,TRAINING3,6,reject,55
SROF018,TRAINING3,7,reject,49
SROF018,TRAINING3,8,reject,58
SROF018,TRAINING3,9,reject,53
SROF020,TRAINING3,1,reject,10
SROF020,TRAINING3,2,reject,13
SROF020,TRAINING3,3,reject,6
SROF020,TRAINING3,4,reject,12
SROF020,TRAINING3,5,reject,7
SROF020,TRAINING3,6,reject,6
SROF020,TRAINING3,7,reject,11
SROF020,TRAINING3,8,reject,6
SROF020,TRAINING3,9,reject,11
SROF020,TRAINING3,10,reject,2
SROF020,TRAINING3,11,reject,43
SROF020,TRAINING3,12,reject,35
SROF020,TRAINING3,13,reject,25
SROF020,TRAINING3,14,reject,36
SROF012,TRAINING1,1,false_alarm,102
SROF012,TRAINING1,2,false_alarm,55
SROF012,TRAINING1,3,false_alarm,76
SROF012,TRAINING1,4,false_alarm,45
SROF012,TRAINING1,5,false_alarm,51
SROF012,TRAINING1,6,false_alarm,51
SROF012,TRAINING1,7,false_alarm,26
SROF017,TRAINING1,1,false_alarm,172
SROF017,TRAINING1,2,false_alarm,224
SROF017,TRAINING1,3,false_alarm,183
SROF017,TRAINING1,4,false_alarm,166
SROF017,TRAINING1,5,false_alarm,112
SROF017,TRAINING1,6,false_alarm,139
SROF017,TRAINING1,7,false_alarm,148
SROF017,TRAINING1,8,false_alarm,198
SROF017,TRAINING1,9,false_alarm,168
SROF017,TRAINING1,10,false_alarm,51
SROF017,TRAINING1,11,false_alarm,101
SROF017,TRAINING1,12,false_alarm,74
SROF017,TRAINING1,13,false_alarm,167
SROF017,TRAINING1,14,false_alarm,123
SROF017,TRAINING1,15,false_alarm,56
SROF017,TRAINING1,16,false_alarm,99
SROF017,TRAINING1,17,false_alarm,107
SROF017,TRAINING1,18,false_alarm,48
SROF017,TRAINING1,19,false_alarm,71
SROF017,TRAINING1,20,false_alarm,101
SROF017,TRAINING1,21,false_alarm,139
SROF017,TRAINING1,22,false_alarm,86
SROF017,TRAINING1,23,false_alarm,106
SROF017,TRAINING1,24,false_alarm,117
SROF017,TRAINING1,25,false_alarm,69
SROF017,TRAINING1,26,false_alarm,34
SROF017,TRAINING1,27,false_alarm,77
SROF017,TRAINING1,28,false_alarm,7
SROF017,TRAINING1,29,false_alarm,99
SROF017,TRAINING1,30,false_alarm,99
SROF017,TRAINING1,31,false_alarm,138
SROF018,TRAINING1,1,false_alarm,15
SROF018,TRAINING1,2,false_alarm,17
SROF018,TRAINING1,3,false_alarm,11
SROF018,TRAINING1,4,false_alarm,27
SROF018,TRAINING1,5,false_alarm,45
SROF018,TRAINING1,6,false_alarm,36
SROF018,TRAINING1,7,false_alarm,17
SROF018,TRAINING1,8,false_alarm,17
SROF018,TRAINING1,9,false_alarm,16
SROF018,TRAINING1,10,false_alarm,21
SROF018,TRAINING1,11,false_alarm,17
SROF018,TRAINING1,12,false_alarm,19
SROF018,TRAINING1,13,false_alarm,13
SROF018,TRAINING1,14,false_alarm,9
SROF018,TRAINING1,15,false_alarm,14
SROF018,TRAINING1,16,false_alarm,3
SROF020,TRAINING1,1,false_alarm,19
SROF020,TRAINING1,2,false_alarm,31
SROF020,TRAINING1,3,false_alarm,22
SROF020,TRAINING1,4,false_alarm,15
SROF020,TRAINING1,5,false_alarm,13
SROF020,TRAINING1,6,false_alarm,12
SROF020,TRAINING1,7,false_alarm,14
SROF020,TRAINING1,8,false_alarm,16
SROF020,TRAINING1,9,false_alarm,1
SROF020,TRAINING1,10,false_alarm,3
SROF020,TRAINING1,11,false_alarm,8
SROF020,TRAINING1,12,false_alarm,11
SROF020,TRAINING1,13,false_alarm,7
SROF020,TRAINING1,14,false_alarm,14
SROF012,TRAINING2,1,false_alarm,129
SROF012,TRAINING2,2,false_alarm,79
SROF012,TRAINING2,3,false_alarm,90
SROF012,TRAINING2,4,false_alarm,87
SROF012,TRAINING2,5,false_alarm,49
SROF012,TRAINING2,6,false_alarm,45
SROF017,TRAINING2,1,false_alarm,151
SROF017,TRAINING2,2,false_alarm,195
SROF017,TRAINING2,3,false_alarm,207
SROF017,TRAINING2,4,false_alarm,111
SROF017,TRAINING2,5,false_alarm,120
SROF018,TRAINING2,1,false_alarm,44
SROF018,TRAINING2,2,false_alarm,14
SROF018,TRAINING2,3,false_alarm,8
SROF018,TRAINING2,4,false_alarm,12
SROF018,TRAINING2,5,false_alarm,9
SROF018,TRAINING2,6,false_alarm,4
SROF018,TRAINING2,7,false_alarm,2
SROF018,TRAINING2,8,false_alarm,1
SROF018,TRAINING2,9,false_alarm,2
SROF020,TRAINING2,1,false_alarm,31
SROF020,TRAINING2,2,false_alarm,21
SROF020,TRAINING2,3,false_alarm,22
SROF020,TRAINING2,4,false_alarm,27
SROF020,TRAINING2,5,false_alarm,50
SROF020,TRAINING2,6,false_alarm,13
SROF020,TRAINING2,7,false_alarm,7
SROF020,TRAINING2,8,false_alarm,18
SROF012,TRAINING3,1,false_alarm,87
SROF012,TRAINING3,2,false_alarm,94
SROF012,TRAINING3,3,false_alarm,95
SROF012,TRAINING3,4,false_alarm,64
SROF012,TRAINING3,5,false_alarm,90
SROF017,TRAINING3,1,false_alarm,139
SROF017,TRAINING3,2,false_alarm,118
SROF017,TRAINING3,3,false_alarm,120
SROF017,TRAINING3,4,false_alarm,131
SROF017,TRAINING3,5,false_alarm,135
SROF018,TRAINING3,1,false_alarm,6
SROF018,TRAINING3,2,false_alarm,11
SROF018,TRAINING3,3,false_alarm,38
SROF018,TRAINING3,4,false_alarm,34
SROF018,TRAINING3,5,false_alarm,11
SROF018,TRAINING3,6,false_alarm,35
SROF018,TRAINING3,7,false_alarm,18
SROF018,TRAINING3,8,false_alarm,28
SROF018,TRAINING3,9,false_alarm,18
SROF020,TRAINING3,1,false_alarm,33
SROF020,TRAINING3,2,false_alarm,81
SROF020,TRAINING3,3,false_alarm,67
SROF020,TRAINING3,4,false_alarm,72
SROF020,TRAINING3,5,false_alarm,62
SROF020,TRAINING3,6,false_alarm,86
SROF020,TRAINING3,7,false_alarm,42
SROF020,TRAINING3,8,false_alarm,19
SROF020,TRAINING3,9,false_alarm,45
SROF020,TRAINING3,10,false_alarm,25
SROF020,TRAINING3,11,false_alarm,43
SROF020,TRAINING3,12,false_alarm,46
SROF020,TRAINING3,13,false_alarm,22
SROF020,TRAINING3,14,false_alarm,32
